addr,role
YJ63FV6L3KCBKROTXFFSAS7JMKU4KSV425OKDNKEUM6NGTO67N2JADFWUE,prosumer
BOJQS7QV4H25LHXC7OO6F3ZWCQLF7KJCMLQDQV6PEO66YLUOWY4GDFAN3I,prosumer
GHJUTLG2UR6OFTJLZABZQ3P3JWHP6CZGQ5MGJSTG3BZU2MLN3VCMPOHOYY,prosumer
MJMZZ5PWLPTLGHOFNNDPDW7Y4H6DYKM6CLTDSYFITRENOOHEHNCDJGMZTI,prosumer
IHBASPBZHPT3UDOK62WG5G2UWTOHRKMP5S43DTFOLKXPZKWADONVZCJZH4,prosumer
TEQ7VD5224ZN3EF4CB3O3LQKQX5LIUA34UCEJQSEFPVSCNFHDTT5AMIS3U,prosumer
CS43HEW2EWF4GEAQHK4BFBC5FNJAKASRLSTF7WVGTNOACXSG5ZLAI3YW24,prosumer
DOAO2K7EKVOVKQ3YOEK42AZOHEDMZOXZDHODLY6ZC7UCXA45A2P4BLEH7M,prosumer
EYHBUXR5WOSB2FDT2UABTV3AUWWEZ2UCLNXSFEBUZDFP7OBQLK246ZHYF4,prosumer
H6LO6BTMDTHMPXPXVQBAUGSNZOYYUAFUXRILCERLQKPLLYEYYOF75NX6MY,prosumer
LDDCOBDKFFB6ZJC4B7X63E3LKMNQDZQPH23WE4RVWNKQHYINJPK76PHGNY,prosumer
G2TIMD2NRXOC4QTNUCFMN67IS2O3LVBDRMCG5QCT2YU6Y65PFAIAV4TK6U,prosumer
3JKEVUMZL6R6Z2T5HKGTZTWXKRAHUZSRS7BR3NR37LNWDMOAQ6D7PTV6CI,prosumer
NWP3WWLTQZ3YTBZWUFO2EGB4Y5BRI5E5IRD4ITJMFNBXQSGQDGJ2OKGHIQ,prosumer
ORGRTTOHWS6FIGVTDIQIYWA6JD7FCLZHXWRGFNDL5HQ5DZVUKUFUC2GVW4,prosumer
GQJ3IAAXUPNJ6ROBA2JQ72F3S2AGYCMURC5JZEI5CNXFISTOLPEJHGN3B4,consumer
XCH3Q7QFM72YZIAXMY5OT4265Q4LONZ756UZCUHL5S4ZIX7NILDHWC7ZHU,consumer
GWEQXNXLSQCB6AWLXCU54BNSCTWK3UK574CLEWBFQUT65HCLO5DMT6YEGQ,consumer
YBKDXSGKLFNDU2RYZY73L4NAMTUPQBVFGZVBJKAXAI7JVUSSNWKISKMXFI,consumer
OSM4FVXIZ7QCJOUN53IO5JLFINVISJGVXP2SK674HMG6MVFSWWOBRJXJWQ,consumer
ZOHS42RCMLIYQTJ4QVTD5VAFWDRZAHRET2ZAAEXMN6EPXMKDBBJEOUICKE,consumer
ZUWWQX74E43WTEEQMGQECIMOKQAJSSQYK2GCGKKCPIBBC2R3UHDVPQFOIU,consumer
RSPV6P6XJMIZUF4K26B5GSIRCC33K5Z23RNVTM4FVJNHEKIHQK63AN7GJQ,consumer
HYJNPKD5XXIW6HOVGVWBLKYQB5GQKQALZRJHNPESDZ5SQIEDJAEJU27TOU,consumer
67ZYIG2F7HC2YGI6MGQ2DBKWQRFQHFDQGXRMLOY5FVI2RYPWG4B5PNNI7I,consumer
JZG57OVKRVEJSFTJLM5IY5JZJCJLGX64TXQCVQLBLPR3ZWXAARNUKFE244,consumer
RJ7UTWVITJTT6EAJ2V55YTMFCC6UFZCMDAXEO5TGWZJ43XAGSTWDTEUIAA,consumer
MKEDDM3XHF3AW2AEQ27B3DWTXLHICSZVLVQNKGRT43HD5UXSAYFOXYGNLY,consumer
TYEM5GOH5TO7IKBUMY2RIHTYON3ZECACQ7GUWX3YSWIVVBMYPYPMWZQDLA,consumer
DJICF76S3ZL4WE6Y5SP5BHIU7TZLNQESF6DFTVOTGONWL6IFZQHJ4QUAVE,consumer
